id,from,to,amount,date
snLYvc,none,8wXLEb,1100,12/26/2023 12:54:56 AM,
RUuM0J,8wXLEb,3wXLEb,10,12/26/2023 1:00:01 AM,
snLYvc,none,8wXLEb,1100,12/26/2023 12:54:56 AM,
RUuM0J,8wXLEb,3wXLEb,20,12/26/2023 1:00:01 AM,
snLYvc,none,8wXLEb,1100,12/26/2023 12:54:56 AM,
RUuM0J,8wXLEb,3wXLEb,30,12/26/2023 1:00:01 AM,
snLYvc,none,8wXLEb,1100,12/26/2023 12:54:56 AM,
RUuM0J,8wXLEb,3wXLEb,40,12/26/2023 1:00:01 AM,
snLYvc,none,8wXLEb,1100,12/26/2023 12:54:56 AM,
RUuM0J,8wXLEb,3wXLEb,50,12/26/2023 1:00:01 AM,
snLYvc,none,8wXLEb,1100,12/26/2023 12:54:56 AM,
RUuM0J,8wXLEb,3wXLEb,60,12/26/2023 1:00:01 AM,
snLYvc,none,8wXLEb,1100,12/26/2023 12:54:56 AM,
RUuM0J,8wXLEb,3wXLEb,70,12/26/2023 1:00:01 AM,
snLYvc,none,8wXLEb,1100,12/26/2023 12:54:56 AM,
RUuM0J,8wXLEb,3wXLEb,80,12/26/2023 1:00:01 AM,
snLYvc,none,8wXLEb,1100,12/26/2023 12:54:56 AM,
RUuM0J,8wXLEb,3wXLEb,90,12/26/2023 1:00:01 AM,
snLYvc,none,8wXLEb,1100,12/26/2023 12:54:56 AM,
RUuM0J,8wXLEb,3wXLEb,100,12/26/2023 1:00:01 AM,
snLYvc,none,8wXLEb,1100,12/26/2023 12:54:56 AM,
RUuM0J,8wXLEb,3wXLEb,110,12/26/2023 1:00:01 AM,
snLYvc,none,8wXLEb,1100,12/26/2023 12:54:56 AM,
RUuM0J,8wXLEb,3wXLEb,120,12/26/2023 1:00:01 AM,
snLYvc,none,8wXLEb,1100,12/26/2023 12:54:56 AM,
RUuM0J,8wXLEb,3wXLEb,130,12/26/2023 1:00:01 AM,
